Workbook

Sheet Executive Summary
A1: BANK TEST AUTOMATION REPORT
A3: Project Name: | B3: Core Banking Automation Test | D3: App Version: | E3: R2026.09.01
A4: Execution Date: | B4: 2026-09-07 | D4: Environment: | E4: UAT
A5: Triggered By (CI Job): | B5: Jenkins - nightly-regression-#128
A7: KEY METRICS
A8: TOTAL TESTS | B8: PASSED | C8: FAILED | D8: BLOCKED | E8: RETRIES | F8: PASS RATE
A9: =COUNTIFS('Test Details'!$F$2:$F$200,"<>RETRY",'Test Details'!$B$2:$B$200,"<>") -> 9 | B9: =COUNTIF('Test Details'!$F$2:$F$200,"PASSED") -> 5 | C9: =COUNTIF('Test Details'!$F$2:$F$200,"FAILED") -> 3 | D9: =COUNTIF('Test Details'!$F$2:$F$200,"BLOCKED") -> 1 | E9: =COUNTIF('Test Details'!$F$2:$F$200,"RETRY") -> 1 | F9: =IFERROR(B9/A9,0) -> 0.55555556
A11: MODULE BREAKDOWN | L11: Status | M11: Count
A12: Module | B12: Total | C12: Pass | D12: Fail | E12: Blocked | F12: Pass Rate | L12: Passed | M12: =B9 -> 5
A13: Authentication | B13: =COUNTIFS('Test Details'!$C$2:$C$200,$A13,'Test Details'!$F$2:$F$200,"<>RETRY") -> 3 | C13: =COUNTIFS('Test Details'!$C$2:$C$200,$A13,'Test Details'!$F$2:$F$200,"PASSED") -> 1 | D13: =COUNTIFS('Test Details'!$C$2:$C$200,$A13,'Test Details'!$F$2:$F$200,"FAILED") -> 2 | E13: =COUNTIFS('Test Details'!$C$2:$C$200,$A13,'Test Details'!$F$2:$F$200,"BLOCKED") -> 0 | F13: =IFERROR(C13/B13,0) -> 0.33333333 | L13: Failed | M13: =C9 -> 3
A14: Transfer | B14: =COUNTIFS('Test Details'!$C$2:$C$200,$A14,'Test Details'!$F$2:$F$200,"<>RETRY") -> 2 | C14: =COUNTIFS('Test Details'!$C$2:$C$200,$A14,'Test Details'!$F$2:$F$200,"PASSED") -> 1 | D14: =COUNTIFS('Test Details'!$C$2:$C$200,$A14,'Test Details'!$F$2:$F$200,"FAILED") -> 1 | E14: =COUNTIFS('Test Details'!$C$2:$C$200,$A14,'Test Details'!$F$2:$F$200,"BLOCKED") -> 0 | F14: =IFERROR(C14/B14,0) -> 0.5 | L14: Blocked | M14: =D9 -> 1
A15: Cards | B15: =COUNTIFS('Test Details'!$C$2:$C$200,$A15,'Test Details'!$F$2:$F$200,"<>RETRY") -> 2 | C15: =COUNTIFS('Test Details'!$C$2:$C$200,$A15,'Test Details'!$F$2:$F$200,"PASSED") -> 1 | D15: =COUNTIFS('Test Details'!$C$2:$C$200,$A15,'Test Details'!$F$2:$F$200,"FAILED") -> 0 | E15: =COUNTIFS('Test Details'!$C$2:$C$200,$A15,'Test Details'!$F$2:$F$200,"BLOCKED") -> 1 | F15: =IFERROR(C15/B15,0) -> 0.5
A16: Savings | B16: =COUNTIFS('Test Details'!$C$2:$C$200,$A16,'Test Details'!$F$2:$F$200,"<>RETRY") -> 2 | C16: =COUNTIFS('Test Details'!$C$2:$C$200,$A16,'Test Details'!$F$2:$F$200,"PASSED") -> 2 | D16: =COUNTIFS('Test Details'!$C$2:$C$200,$A16,'Test Details'!$F$2:$F$200,"FAILED") -> 0 | E16: =COUNTIFS('Test Details'!$C$2:$C$200,$A16,'Test Details'!$F$2:$F$200,"BLOCKED") -> 0 | F16: =IFERROR(C16/B16,0) -> 1
A18: ENVIRONMENT COVERAGE
A19: Environment (OS / Browser) | B19: Total | C19: Pass | D19: Fail | E19: Pass Rate
A20: Windows10/Chrome120 | B20: =COUNTIFS('Test Details'!$E$2:$E$200,$A20,'Test Details'!$F$2:$F$200,"<>RETRY") -> 4 | C20: =COUNTIFS('Test Details'!$E$2:$E$200,$A20,'Test Details'!$F$2:$F$200,"PASSED") -> 2 | D20: =COUNTIFS('Test Details'!$E$2:$E$200,$A20,'Test Details'!$F$2:$F$200,"FAILED") -> 2 | E20: =IFERROR(C20/B20,0) -> 0.5
A21: Windows10/Firefox115 | B21: =COUNTIFS('Test Details'!$E$2:$E$200,$A21,'Test Details'!$F$2:$F$200,"<>RETRY") -> 2 | C21: =COUNTIFS('Test Details'!$E$2:$E$200,$A21,'Test Details'!$F$2:$F$200,"PASSED") -> 1 | D21: =COUNTIFS('Test Details'!$E$2:$E$200,$A21,'Test Details'!$F$2:$F$200,"FAILED") -> 1 | E21: =IFERROR(C21/B21,0) -> 0.5
A22: macOS/Safari17 | B22: =COUNTIFS('Test Details'!$E$2:$E$200,$A22,'Test Details'!$F$2:$F$200,"<>RETRY") -> 2 | C22: =COUNTIFS('Test Details'!$E$2:$E$200,$A22,'Test Details'!$F$2:$F$200,"PASSED") -> 1 | D22: =COUNTIFS('Test Details'!$E$2:$E$200,$A22,'Test Details'!$F$2:$F$200,"FAILED") -> 0 | E22: =IFERROR(C22/B22,0) -> 0.5
A23: Linux/Chrome120 | B23: =COUNTIFS('Test Details'!$E$2:$E$200,$A23,'Test Details'!$F$2:$F$200,"<>RETRY") -> 1 | C23: =COUNTIFS('Test Details'!$E$2:$E$200,$A23,'Test Details'!$F$2:$F$200,"PASSED") -> 1 | D23: =COUNTIFS('Test Details'!$E$2:$E$200,$A23,'Test Details'!$F$2:$F$200,"FAILED") -> 0 | E23: =IFERROR(C23/B23,0) -> 1
A25: TOP FAILURES (toi da 10, chi tinh Status = FAILED)
A26: Test Case ID | B26: Module | C26: Error Message | D26: Screenshot
A27: =IFERROR(INDEX('Test Details'!$B$2:$B$200,MATCH(ROWS($B$27:B27),'Test Details'!$J$2:$J$200,0)),"") -> TC_BANK_002 | B27: =IFERROR(INDEX('Test Details'!$C$2:$C$200,MATCH(ROWS($B$27:B27),'Test Details'!$J$2:$J$200,0)),"") -> Authentication | C27: =IFERROR(INDEX('Test Details'!$H$2:$H$200,MATCH(ROWS($B$27:B27),'Test Details'!$J$2:$J$200,0)),"") -> Khong hien thi thong bao loi OTP | D27: =IFERROR(INDEX('Test Details'!$I$2:$I$200,MATCH(ROWS($B$27:B27),'Test Details'!$J$2:$J$200,0)),"") -> View Image
A28: =IFERROR(INDEX('Test Details'!$B$2:$B$200,MATCH(ROWS($B$27:B28),'Test Details'!$J$2:$J$200,0)),"") -> TC_BANK_006 | B28: =IFERROR(INDEX('Test Details'!$C$2:$C$200,MATCH(ROWS($B$27:B28),'Test Details'!$J$2:$J$200,0)),"") -> Transfer | C28: =IFERROR(INDEX('Test Details'!$H$2:$H$200,MATCH(ROWS($B$27:B28),'Test Details'!$J$2:$J$200,0)),"") -> He thong khong chan giao dich vuot han muc | D28: =IFERROR(INDEX('Test Details'!$I$2:$I$200,MATCH(ROWS($B$27:B28),'Test Details'!$J$2:$J$200,0)),"") -> View Image
A29: =IFERROR(INDEX('Test Details'!$B$2:$B$200,MATCH(ROWS($B$27:B29),'Test Details'!$J$2:$J$200,0)),"") -> TC_BANK_009 | B29: =IFERROR(INDEX('Test Details'!$C$2:$C$200,MATCH(ROWS($B$27:B29),'Test Details'!$J$2:$J$200,0)),"") -> Authentication | C29: =IFERROR(INDEX('Test Details'!$H$2:$H$200,MATCH(ROWS($B$27:B29),'Test Details'!$J$2:$J$200,0)),"") -> Session khong tu dong het han | D29: =IFERROR(INDEX('Test Details'!$I$2:$I$200,MATCH(ROWS($B$27:B29),'Test Details'!$J$2:$J$200,0)),"") -> View Image
A30: =IFERROR(INDEX('Test Details'!$B$2:$B$200,MATCH(ROWS($B$27:B30),'Test Details'!$J$2:$J$200,0)),"") | B30: =IFERROR(INDEX('Test Details'!$C$2:$C$200,MATCH(ROWS($B$27:B30),'Test Details'!$J$2:$J$200,0)),"") | C30: =IFERROR(INDEX('Test Details'!$H$2:$H$200,MATCH(ROWS($B$27:B30),'Test Details'!$J$2:$J$200,0)),"") | D30: =IFERROR(INDEX('Test Details'!$I$2:$I$200,MATCH(ROWS($B$27:B30),'Test Details'!$J$2:$J$200,0)),"")
A31: =IFERROR(INDEX('Test Details'!$B$2:$B$200,MATCH(ROWS($B$27:B31),'Test Details'!$J$2:$J$200,0)),"") | B31: =IFERROR(INDEX('Test Details'!$C$2:$C$200,MATCH(ROWS($B$27:B31),'Test Details'!$J$2:$J$200,0)),"") | C31: =IFERROR(INDEX('Test Details'!$H$2:$H$200,MATCH(ROWS($B$27:B31),'Test Details'!$J$2:$J$200,0)),"") | D31: =IFERROR(INDEX('Test Details'!$I$2:$I$200,MATCH(ROWS($B$27:B31),'Test Details'!$J$2:$J$200,0)),"")
A32: =IFERROR(INDEX('Test Details'!$B$2:$B$200,MATCH(ROWS($B$27:B32),'Test Details'!$J$2:$J$200,0)),"") | B32: =IFERROR(INDEX('Test Details'!$C$2:$C$200,MATCH(ROWS($B$27:B32),'Test Details'!$J$2:$J$200,0)),"") | C32: =IFERROR(INDEX('Test Details'!$H$2:$H$200,MATCH(ROWS($B$27:B32),'Test Details'!$J$2:$J$200,0)),"") | D32: =IFERROR(INDEX('Test Details'!$I$2:$I$200,MATCH(ROWS($B$27:B32),'Test Details'!$J$2:$J$200,0)),"")
A33: =IFERROR(INDEX('Test Details'!$B$2:$B$200,MATCH(ROWS($B$27:B33),'Test Details'!$J$2:$J$200,0)),"") | B33: =IFERROR(INDEX('Test Details'!$C$2:$C$200,MATCH(ROWS($B$27:B33),'Test Details'!$J$2:$J$200,0)),"") | C33: =IFERROR(INDEX('Test Details'!$H$2:$H$200,MATCH(ROWS($B$27:B33),'Test Details'!$J$2:$J$200,0)),"") | D33: =IFERROR(INDEX('Test Details'!$I$2:$I$200,MATCH(ROWS($B$27:B33),'Test Details'!$J$2:$J$200,0)),"")
A34: =IFERROR(INDEX('Test Details'!$B$2:$B$200,MATCH(ROWS($B$27:B34),'Test Details'!$J$2:$J$200,0)),"") | B34: =IFERROR(INDEX('Test Details'!$C$2:$C$200,MATCH(ROWS($B$27:B34),'Test Details'!$J$2:$J$200,0)),"") | C34: =IFERROR(INDEX('Test Details'!$H$2:$H$200,MATCH(ROWS($B$27:B34),'Test Details'!$J$2:$J$200,0)),"") | D34: =IFERROR(INDEX('Test Details'!$I$2:$I$200,MATCH(ROWS($B$27:B34),'Test Details'!$J$2:$J$200,0)),"")
A35: =IFERROR(INDEX('Test Details'!$B$2:$B$200,MATCH(ROWS($B$27:B35),'Test Details'!$J$2:$J$200,0)),"") | B35: =IFERROR(INDEX('Test Details'!$C$2:$C$200,MATCH(ROWS($B$27:B35),'Test Details'!$J$2:$J$200,0)),"") | C35: =IFERROR(INDEX('Test Details'!$H$2:$H$200,MATCH(ROWS($B$27:B35),'Test Details'!$J$2:$J$200,0)),"") | D35: =IFERROR(INDEX('Test Details'!$I$2:$I$200,MATCH(ROWS($B$27:B35),'Test Details'!$J$2:$J$200,0)),"")
A36: =IFERROR(INDEX('Test Details'!$B$2:$B$200,MATCH(ROWS($B$27:B36),'Test Details'!$J$2:$J$200,0)),"") | B36: =IFERROR(INDEX('Test Details'!$C$2:$C$200,MATCH(ROWS($B$27:B36),'Test Details'!$J$2:$J$200,0)),"") | C36: =IFERROR(INDEX('Test Details'!$H$2:$H$200,MATCH(ROWS($B$27:B36),'Test Details'!$J$2:$J$200,0)),"") | D36: =IFERROR(INDEX('Test Details'!$I$2:$I$200,MATCH(ROWS($B$27:B36),'Test Details'!$J$2:$J$200,0)),"")
A38: CHARTS

Sheet Test Details
A1: No. | B1: Test Case ID | C1: Module | D1: Test Description | E1: Environment | F1: Status | G1: Execution Time (s) | H1: Error Message | I1: Screenshot Path | J1: FailRank (helper - do not edit) | L1: LEGEND
A2: 1 | B2: TC_BANK_001 | C2: Authentication | D2: Xac thuc dang nhap voi tai khoan hop le | E2: Windows10/Chrome120 | F2: PASSED | G2: 2.3 | J2: =IF(F2="FAILED",COUNTIF($F$2:F2,"FAILED"),"") | L2: PASSED
A3: 2 | B3: TC_BANK_002 | C3: Authentication | D3: Dang nhap voi OTP sai | E3: Windows10/Chrome120 | F3: FAILED | G3: 1.8 | H3: Khong hien thi thong bao loi OTP | I3: =HYPERLINK("screenshots/TC_002.png","View Image") -> View Image | J3: =IF(F3="FAILED",COUNTIF($F$2:F3,"FAILED"),"") -> 1 | L3: FAILED
A4: 3 | B4: TC_BANK_003 | C4: Transfer | D4: Xac thuc chuyen tien NAPAS 24/7 | E4: Windows10/Firefox115 | F4: RETRY | G4: 5.1 | H4: Timeout 504 from Core Banking API | I4: =HYPERLINK("screenshots/TC_003_attempt1.png","View Image") -> View Image | J4: =IF(F4="FAILED",COUNTIF($F$2:F4,"FAILED"),"") | L4: BLOCKED
A5: 3.1 | B5: TC_BANK_003 | C5: Transfer | D5: Xac thuc chuyen tien NAPAS 24/7 | E5: Windows10/Firefox115 | F5: PASSED | G5: 4.9 | J5: =IF(F5="FAILED",COUNTIF($F$2:F5,"FAILED"),"") | L5: RETRY (chua phai ket qua cuoi)
A6: 4 | B6: TC_BANK_004 | C6: Cards | D6: Khoa the khi mat the | E6: macOS/Safari17 | F6: BLOCKED | G6: 0 | H6: Dependency TC_BANK_003 chua hoan tat | J6: =IF(F6="FAILED",COUNTIF($F$2:F6,"FAILED"),"")
A7: 5 | B7: TC_BANK_005 | C7: Savings | D7: Tinh lai suat tiet kiem ky han 6 thang | E7: Windows10/Chrome120 | F7: PASSED | G7: 3.2 | J7: =IF(F7="FAILED",COUNTIF($F$2:F7,"FAILED"),"")
A8: 6 | B8: TC_BANK_006 | C8: Transfer | D8: Chuyen tien vuot han muc ngay | E8: Windows10/Chrome120 | F8: FAILED | G8: 2 | H8: He thong khong chan giao dich vuot han muc | I8: =HYPERLINK("screenshots/TC_006.png","View Image") -> View Image | J8: =IF(F8="FAILED",COUNTIF($F$2:F8,"FAILED"),"") -> 2
A9: 7 | B9: TC_BANK_007 | C9: Cards | D9: Mo the tin dung online | E9: macOS/Safari17 | F9: PASSED | G9: 4.4 | J9: =IF(F9="FAILED",COUNTIF($F$2:F9,"FAILED"),"")
A10: 8 | B10: TC_BANK_008 | C10: Savings | D10: Rut tien tiet kiem truoc han | E10: Linux/Chrome120 | F10: PASSED | G10: 2.9 | J10: =IF(F10="FAILED",COUNTIF($F$2:F10,"FAILED"),"")
A11: 9 | B11: TC_BANK_009 | C11: Authentication | D11: Dang xuat tu dong sau 15 phut khong hoat dong | E11: Windows10/Firefox115 | F11: FAILED | G11: 15.2 | H11: Session khong tu dong het han | I11: =HYPERLINK("screenshots/TC_009.png","View Image") -> View Image | J11: =IF(F11="FAILED",COUNTIF($F$2:F11,"FAILED"),"") -> 3
